Estado,Municipio,Candidato,Partido
AMAZONAS,ATURES,YOLANDA LAROSA,Plataforma
AMAZONAS,ATURES,JOSÉ ARIANNA,UNTC
ANZOÁTEGUI,BOLÍVAR,CARLOS MICHELANGELI,AD
ANZOÁTEGUI,BOLÍVAR,RICHARD ARTEAGA,MPJ
ANZOÁTEGUI,BOLÍVAR,YERMIS R ALEN P,SI
ANZOÁTEGUI,BOLÍVAR,CESAR RODRÍGUEZ,VPA
ANZOÁTEGUI,ANACO,ANA MARTINEZ,ABP
ANZOÁTEGUI,ANACO,LUIS GUEVARA MARRON,AD
ANZOÁTEGUI,ANACO,RAMON RUIZ,BR
ANZOÁTEGUI,ANACO,JACINTO ROMERO LUNA,MPJ
ANZOÁTEGUI,ANACO,MARCO AURELIO Q,TISON
ANZOÁTEGUI,ANACO,NELSON R. LOZADA,VPA
ANZOÁTEGUI,ARAGUA,DIOGENES CUPARE,AD
ANZOÁTEGUI,ARAGUA,ESNIDEL PERALES,VPA
ANZOÁTEGUI,BRUZUAL,FRANCISCA ROJAS,AD
ANZOÁTEGUI,BRUZUAL,VANESA DE GARCIA,DR
ANZOÁTEGUI,BRUZUAL,EMILIO GUZMAN,MPJ
ANZOÁTEGUI,BRUZUAL,MANUEL CASTELLANO,PRVZL
ANZOÁTEGUI,CAJIGAL,CARLOS PORTILLO,COPEI
ANZOÁTEGUI,CAJIGAL,BENIGNO TOVAR,MPJ
ANZOÁTEGUI,CARVAJAL,JUAN CARLOS GARCIA,Iniciativa Propia
ANZOÁTEGUI,CARVAJAL,OCTAVIO  ROMERO,MPJ
ANZOÁTEGUI,CARVAJAL,LUISBELTRAN DIAZ,PRVZL
ANZOÁTEGUI,CARVAJAL,RENE RIVAS TOMAS,UNTC
ANZOÁTEGUI,GUANIPA,MICHAEL SILVERA,Iniciativa Propia
ANZOÁTEGUI,GUANIPA,JOSÉ FELIX CONES,PODEMOS
ANZOÁTEGUI,GUANIPA,DOMINGOBRITO,UNTC
ANZOÁTEGUI,GUANIPA,MARIA ANTONIA NUÑEZ,VPA
ANZOÁTEGUI,GUANTA,LUIS GIL,ABP
ANZOÁTEGUI,GUANTA,LUIS CARDOZO,UNTC
ANZOÁTEGUI,GUANTA,ISRRAEL CARABALLO,VPA
ANZOÁTEGUI,INDEPENDENCIA,FRANKLINBAEZ,ABP
ANZOÁTEGUI,INDEPENDENCIA,CARLOS SALAZAR,MPJ
ANZOÁTEGUI,INDEPENDENCIA,ALBERTO MIRABAL,PPT
ANZOÁTEGUI,INDEPENDENCIA,HUMBERTOBELLO,UNTC
ANZOÁTEGUI,DIEGO BAUTISTA URBANEJA,OLGA MOREY,Iniciativa Propia
ANZOÁTEGUI,DIEGO BAUTISTA URBANEJA,PABLO MAZA,ABP
ANZOÁTEGUI,DIEGO BAUTISTA URBANEJA,SERGIO PADRON,AD
ANZOÁTEGUI,DIEGO BAUTISTA URBANEJA,MARIA EUGENIA AÑEZ,GE
ANZOÁTEGUI,DIEGO BAUTISTA URBANEJA,GUSTAVO MARCANO,MPJ
ANZOÁTEGUI,DIEGO BAUTISTA URBANEJA,ARMANDO ARMAS,VPA
ANZOÁTEGUI,LIBERTAD,DOMINGO JOSÉ TORRES,ABP
ANZOÁTEGUI,LIBERTAD,JUAN CARLOS GUILLENT,AD
ANZOÁTEGUI,LIBERTAD,JOSÉ GREGORIO,MPJ
ANZOÁTEGUI,MCGREGOR,LUIS JOSÉ VALOR,ABP
ANZOÁTEGUI,MCGREGOR,ODOCAR RAMOS,AD
ANZOÁTEGUI,PÍRITU,JOSÉ RAULBRASICOTT,MPJ
ANZOÁTEGUI,PÍRITU,FRANKLIN MENDEZ,UNTC
ANZOÁTEGUI,PÍRITU,FABIO JOSÉ CANACHE,VPA
ANZOÁTEGUI,SIMÓN RODRÍGUEZ,JORGE MARQUEZ,COPEI
ANZOÁTEGUI,SIMÓN RODRÍGUEZ,YULEN RODRÍGUEZ,MIN UNIDAD
ANZOÁTEGUI,SIMÓN RODRÍGUEZ,JOSÉBRITO,PODEMOS
ANZOÁTEGUI,SIMÓN RODRÍGUEZ,MANUEL ANGULO,UNTC
ANZOÁTEGUI,SAN JUAN DE CAPISTRANO,EURO FLORES,AD
ANZOÁTEGUI,SAN JUAN DE CAPISTRANO,CARLOS GUEVARA,MPJ
ANZOÁTEGUI,SAN JUAN DE CAPISTRANO,RUBEN FIGUERA,VPA
APURE,SAN FERNANDO,EFRAIN YADALA,AD
APURE,SAN FERNANDO,ROMMER MONTEZUMA,FC
APURE,SAN FERNANDO,TULIO PEREZ,PRVZL
APURE,ACHAGUAS,CORNELIO V DIAZ L,AD
APURE,ACHAGUAS,JOSÉ G. SANTANA,FC
APURE,ACHAGUAS,ANA G. PÉREZ,PODEMOS
APURE,ACHAGUAS,CARLOS ANDRÉS M.,UNTC
APURE,MUÑOZ,ÁNGEL MARÍN,AD
APURE,MUÑOZ,OSCAR SALAZAR,FC
APURE,PÁEZ,ALEXANDER QUINTERO,AD
APURE,PÁEZ,MIGUEL RAMIREZ,BR
APURE,PÁEZ,NICOLÁS CASTILLO,MR
APURE,PÁEZ,WILIAN SANTOS,PODEMOS
APURE,PÁEZ,LUMAYBARRETO,VP
APURE,PEDRO CAMEJO,SIMÓN DIAZ,COPEI
APURE,PEDRO CAMEJO,JOSÉ G.BLANCO,FC
APURE,RÓMULO GALLEGOS,ALEXANDER  MATUTE,AD
APURE,RÓMULO GALLEGOS,JOSÉBIGOTT,FC
APURE,RÓMULO GALLEGOS,VICTOR ALTUNA,VP
ARAGUA,GIRARDOT,RAMON RENGIFO,ABP
ARAGUA,GIRARDOT,ANGEL SARMIENTO,AD
ARAGUA,GIRARDOT,FREDDY SOLORZANO,DSM
ARAGUA,GIRARDOT,LUIS CARLOS SOLORZANO,MOVEV
ARAGUA,GIRARDOT,TONNY REAL,PODEMOS
ARAGUA,GIRARDOT,ZULEIMA SISO,PRVZL
ARAGUA,GIRARDOT,BLANCA ANGARITA,VP
ARAGUA,BOLÍVAR,ANDREINA FEBLES,ABP
ARAGUA,BOLÍVAR,JORGE MEDINA,PODEMOS
ARAGUA,BOLÍVAR,ARCIDES GONZALEZ,UNTC
ARAGUA,CAMATAGUA,JAIME TORRES,Iniciativa Propia
ARAGUA,CAMATAGUA,RAFAEL CASTILLO,AD
ARAGUA,CAMATAGUA,DANIEL NUÑEZ,MPJ
ARAGUA,JOSÉ ANGEL LAMAS,ANIBAL LOZADA ARANA,Iniciativa Propia
ARAGUA,JOSÉ ANGEL LAMAS,NANCY LOPEZ,COPEI
ARAGUA,JOSÉ ANGEL LAMAS,JOSÉ CONCEPCION,MPJ
ARAGUA,JOSÉ ANGEL LAMAS,MOISESBECERRA,PRVZL
ARAGUA,JOSÉ ANGEL LAMAS,LUIS ALBORNOZ,VP
ARAGUA,JOSÉ FELIX RIBAS,YAKSON PERDOMO,ABP
ARAGUA,JOSÉ FELIX RIBAS,NAYARI GAMBOA,AD
ARAGUA,JOSÉ FELIX RIBAS,ARMANDO PADRON,BR
ARAGUA,JOSÉ FELIX RIBAS,ISMAEL IMPELLIZZIERI,MIN UNIDAD
ARAGUA,JOSÉ FELIX RIBAS,DEXI PLAZA,MR
ARAGUA,JOSÉ FELIX RIBAS,LUISBLANCO,PODEMOS
ARAGUA,JOSÉ FELIX RIBAS,OSWALDO ACUÑA,PRVZL
ARAGUA,JOSÉ FELIX RIBAS,JESUSBRITO,VP
ARAGUA,JOSÉ RAFAEL REVENGA,LIBIS ANTONIOBASABE,ABP
ARAGUA,JOSÉ RAFAEL REVENGA,JUAN VIERA,CUENTAS CLARAS
ARAGUA,JOSÉ RAFAEL REVENGA,RAFAEL GONZALEZ,PPT
ARAGUA,JOSÉ RAFAEL REVENGA,MIGUEL GALLEGOS,UNTC
ARAGUA,LIBERTADOR,JOSÉ MOLINA,AD
ARAGUA,LIBERTADOR,GUSTAVO PEREIRA,EL
ARAGUA,LIBERTADOR,WILLIAM SANCHEZ,MOVEV
ARAGUA,LIBERTADOR,ENZO CALERO,MPJ
ARAGUA,LIBERTADOR,GONZALO DIAZ,MR
ARAGUA,LIBERTADOR,RICHARD GRANADILLO,PODEMOS
ARAGUA,MARIO BRICEÑO IRAGORRY,FRAY NAVAS,Iniciativa Propia
ARAGUA,MARIO BRICEÑO IRAGORRY,JOSÉ F. CASTILLO M.,ABP
ARAGUA,MARIO BRICEÑO IRAGORRY,HERNAN GONZALEZ,AD
ARAGUA,MARIO BRICEÑO IRAGORRY,CARLOS JAVIER VELARDE,COPEI
ARAGUA,MARIO BRICEÑO IRAGORRY,DAVID ORTIZ,CUENTAS CLARAS
ARAGUA,MARIO BRICEÑO IRAGORRY,HOMERO RAUSEO LUGO,MIN UNIDAD
ARAGUA,MARIO BRICEÑO IRAGORRY,CESAR CASTILLO,ML
ARAGUA,MARIO BRICEÑO IRAGORRY,ALEJANDRO GONZALEZ,MPJ
ARAGUA,MARIO BRICEÑO IRAGORRY,ARTURO MALDONADO,UNTC
ARAGUA,MARIO BRICEÑO IRAGORRY,DELSON GUARATE,VP
ARAGUA,SAN CASIMIRO,LUIS RODRÍGUEZ,COPEI
ARAGUA,SAN CASIMIRO,JOSÉ SACRAMENTO,PODEMOS
ARAGUA,SAN CASIMIRO,WISTON JASPE CASTRO,UNTC
ARAGUA,SAN SEBASTIÁN,OSWALDO LEON,Iniciativa Propia
ARAGUA,SAN SEBASTIÁN,OCTAVIO MARTINEZ,AD
ARAGUA,SAN SEBASTIÁN,CARLOS MIRANDA,PPT
ARAGUA,SAN SEBASTIÁN,JESUS OYER,VP
ARAGUA,SANTIAGO MARIÑO,EDIVENBARBOZA,DR
ARAGUA,SANTIAGO MARIÑO,ADRIANA LINARES,MIN UNIDAD
ARAGUA,SANTIAGO MARIÑO,VICTORBARRIOS,MPJ
ARAGUA,SANTIAGO MARIÑO,CARLOS ESTANGA,MR
ARAGUA,SANTIAGO MARIÑO,JORGEBECERRA,PRVZL
ARAGUA,SANTIAGO MARIÑO,JESUS CASTILLO,UNTC
ARAGUA,SANTIAGO MARIÑO,JAVIER ALVAREZ,VP
ARAGUA,SANTOS MICHELENA,BENEDETTO SANTORO,MR
ARAGUA,SANTOS MICHELENA,REINALDO LORCA,PODEMOS
ARAGUA,SANTOS MICHELENA,LUIS COLMENARES,UNTC
ARAGUA,SUCRE,LUIS ZAMBRANO,COPEI
ARAGUA,SUCRE,LUIS FREITEZ,MIN UNIDAD
ARAGUA,SUCRE,INMER PUERTA,ML
ARAGUA,SUCRE,WLADIMIR LATOZEFSKY,MPJ
ARAGUA,SUCRE,ARISTIDES MONAGAS,PPT
ARAGUA,SUCRE,LUIS RAFAEL SALAS,PRVZL
ARAGUA,TOVAR,RAUL ELIAS ALVIS,COPEI
ARAGUA,TOVAR,MARIANGELES AZUAJE,MPJ
ARAGUA,URDANETA,SOTERO GONZALEZ,AD
ARAGUA,URDANETA,ROSA TERAN,COPEI
ARAGUA,URDANETA,FEDERMAN PERDOMO,MPJ
ARAGUA,ZAMORA,ALEXANDER RAMIREZ,ABP
ARAGUA,ZAMORA,RÓMULO LEAL,AD
ARAGUA,ZAMORA,JOSÉ CONTRERA,MPJ
ARAGUA,ZAMORA,VICTOR SILVA,PODEMOS
ARAGUA,ZAMORA,JUAN RODRÍGUEZ,U.R.D.
ARAGUA,ZAMORA,JORGE RODRÍGUEZ,VP
ARAGUA,FRANCISCO LINARES,FRANKLIN GAVIDIA,MPJ
ARAGUA,FRANCISCO LINARES,HUGO PEÑA,PODEMOS
ARAGUA,FRANCISCO LINARES,JULIO RONDON,UNTC
ARAGUA,OCUMARE D L COSTA,VIRGILIO VASQUEZ,Iniciativa Propia
ARAGUA,OCUMARE D L COSTA,RICARDO OSTA,Iniciativa Propia
ARAGUA,OCUMARE D L COSTA,ROBERTO MADERO,COPEI
ARAGUA,OCUMARE D L COSTA,ALONZO PACHECO,MPJ
ARAGUA,OCUMARE D L COSTA,FELIX REQUENA,MR
ARAGUA,OCUMARE D L COSTA,ANGEL YSLA,PRVZL
ARAGUA,OCUMARE D L COSTA,ENRIQUE LANDAETA,VP
BARINAS,BARINAS,FERNANDO MONSALVE,COPEI
BARINAS,BARINAS,MACHIN MACHIN,MAS
BARINAS,BARINAS,JIOMAR DURANTT,PL
BARINAS,BARINAS,LORENZO SATURNO,PODEMOS
BARINAS,BARINAS,FREDDY SUPERLANO,VP
BARINAS,ANTONIO JOSÉ DE SUCRE,HAYEL DARWICHE,AD
BARINAS,ANTONIO JOSÉ DE SUCRE,CARLOS MOHAMED,MPJ
BARINAS,ANTONIO JOSÉ DE SUCRE,RONALD AGUILAR,UNTC
BARINAS,ANTONIO JOSÉ DE SUCRE,TRINO HURTADO,VP
BARINAS,ALBERTO ARVELO T,DOMINGA DE LOPEZ,AD
BARINAS,ALBERTO ARVELO T,ANGEL DORANTE,COPEI
BARINAS,ALBERTO ARVELO T,VICTOR FERNANDEZ,PODEMOS
BARINAS,ALBERTO ARVELO T,ORLANDO AVANCINIS,UNTC
BARINAS,ANDRÉS ELOY BLANCO,MARCO GARCÍA,COPEI
BARINAS,ANDRÉS ELOY BLANCO,EDUARDO MORAN,UNTC
BARINAS,ANDRÉS ELOY BLANCO,JACKSONBARBOZA,VP
BARINAS,ARISMENDI,JOSÉ MICHELENA,AD
BARINAS,ARISMENDI,CECILIO CORTEZ,PPT
BARINAS,ARISMENDI,JOSÉ RODRÍGUEZ,UNTC
BARINAS,ARISMENDI,JOSÉBARRIOS,VP
BARINAS,BOLÍVAR,RAMON VALERO,Iniciativa Propia
BARINAS,BOLÍVAR,ADOLFO SUPERLANO,AD
BARINAS,BOLÍVAR,NESTORBASTIDAS,AD
BARINAS,CRUZ PAREDES,MARITZA DE RODRÍGUEZ,AD
BARINAS,CRUZ PAREDES,RAMON ROJAS,COPEI
BARINAS,CRUZ PAREDES,PEDRO GUEDEZ,UNTC
BARINAS,CRUZ PAREDES,RAMON FERNÁNDEZ,VP
BARINAS,EZEQUIEL ZAMORA,SINFORIANO PEREZ,AD
BARINAS,EZEQUIEL ZAMORA,ANTONIO RODRÍGUEZ,COPEI
BARINAS,EZEQUIEL ZAMORA,JESÚS MORENO,UNTC
BARINAS,EZEQUIEL ZAMORA,JESÚS GARCÍA,VP
BARINAS,OBISPOS,RODRIGO SALAS,AD
BARINAS,OBISPOS,VICENTE TRIBIÑO,COPEI
BARINAS,PEDRAZA,FRENCHY DÍAZ,FRUTOS
BARINAS,PEDRAZA,SERGIO ESPINOZA,UNTC
BARINAS,ROJAS,JOSÉ SILVA,ABP
BARINAS,ROJAS,ELIDA MONSALVE,AD
BARINAS,ROJAS,CARLOS URQUIOLA,COPEI
BARINAS,ROJAS,JUANA ZAMUDIO,MPJ
BARINAS,ROJAS,CRUZ RODRÍGUEZ,PODEMOS
BARINAS,SOSA,LINCONL PEREZ,AD
BARINAS,SOSA,YONNY ROA,COPEI
BOLÍVAR,ANGOSTURA,GILBERTO VILLARROEL,PPT
BOLÍVAR,ANGOSTURA,ÁNGEL DEVERA,UNTC
BOLÍVAR,CORONÍ,ANDRÉS RODRÍGUEZ,Iniciativa Propia
BOLÍVAR,CORONÍ,JOSÉ ZABALA,ABP
BOLÍVAR,CORONÍ,JOSÉ RÍOS,AD
BOLÍVAR,CORONÍ,LUIS MEDINA,CausaR
BOLÍVAR,CORONÍ,LUIS AGUILAR,COPEI
BOLÍVAR,CORONÍ,FERNANDO SERRANO,ELECT.DEBÓLIVAR
BOLÍVAR,CORONÍ,CARLOS VILLASANA,MIniciativa Propia100
BOLÍVAR,CORONÍ,LUZ MARIA ALVAREZ,MIN UNIDAD
BOLÍVAR,CORONÍ,WILSON CASTRO,MPJ
BOLÍVAR,CORONÍ,DOUGLAS LAGO,MR
BOLÍVAR,CORONÍ,JOSÉ VALOR,MVC
BOLÍVAR,CORONÍ,FÉLIX ISTÚRIZ,UNTC
BOLÍVAR,CORONÍ,FRANCISCO SUCRE,VP
BOLÍVAR,CEDEÑO,MANUEL RODRÍGUEZ,Iniciativa Propia
BOLÍVAR,CEDEÑO,ARELIS GUAPES,ABP
BOLÍVAR,CEDEÑO,ARGENIS GUERRA,AD
BOLÍVAR,CEDEÑO,CARLOS NIEVES,MPJ
BOLÍVAR,CEDEÑO,JORGE PRIETO,UNTC
BOLÍVAR,GRAN SABANA,SANTO ROMERO,Iniciativa Propia
BOLÍVAR,GRAN SABANA,DAXI LUZARDO,AD
BOLÍVAR,GRAN SABANA,RONMER SALAS,COPEI
BOLÍVAR,GRAN SABANA,MIGUEL HERNANDEZ,ELECT.DEBÓLIVAR
BOLÍVAR,GRAN SABANA,SELMA CAMPOS,MPJ
BOLÍVAR,GRAN SABANA,RAMON LOPEZ,OPINA
BOLÍVAR,GRAN SABANA,JESUS SALVATORI,PPT
BOLÍVAR,GRAN SABANA,RICARDO DELGADO,SI
BOLÍVAR,GRAN SABANA,MARÍN CÉSAR,UNTC
BOLÍVAR,GRAN SABANA,LISBETH CASTRO,VP
BOLÍVAR,PIAR,JULIO MALAVÉ,AD
BOLÍVAR,PIAR,JOSÉ G. MARTÍNEZ,BR
BOLÍVAR,PIAR,VÍCTOR HUGO GARRIDO,CausaR
BOLÍVAR,PIAR,LUIS BRITO,COPEI
BOLÍVAR,PIAR,MARILU CEBALLOS,MIN UNIDAD
BOLÍVAR,PIAR,EMILIANO SILVEIRA,MPJ
BOLÍVAR,PIAR,RAFAEL RODRÍGUEZ,UNTC
BOLÍVAR,ROSCIO,WUILLIANS FRANCISCO,CausaR
BOLÍVAR,ROSCIO,MANUEL GONZÁLEZ,COPEI
BOLÍVAR,ROSCIO,FARAJHAN HALABI,MR
BOLÍVAR,SUCRE,PABLO TOMEDES,Iniciativa Propia
BOLÍVAR,SUCRE,RAMÓN MEDINA,AD
BOLÍVAR,SUCRE,JOSÉ MÁRQUEZ,CausaR
BOLÍVAR,SUCRE,CONSTANTINO AVILÉS,MR
BOLÍVAR,SUCRE,MIGUEL PIMENTEL,PPT
CARABOBO,BEJUMA,AURABEATRIZBEIZA,Iniciativa Propia
CARABOBO,BEJUMA,LUIS ALCARRA,Iniciativa Propia
CARABOBO,BEJUMA,IVON MARIELA CAMARAN,Iniciativa Propia
CARABOBO,BEJUMA,RICHARD GARCÍA,Iniciativa Propia
CARABOBO,BEJUMA,RODRÍGUEZ NUÑEZ,AD
CARABOBO,BEJUMA,JOSÉ MOYEJAS,COPEI
CARABOBO,BEJUMA,GENNARO CONCENTINO,MPJ
CARABOBO,BEJUMA,ELIZABETH CAPODACQUA,POR MI PUEBLO
CARABOBO,BEJUMA,LEONARDO CORONEL,UNTC
CARABOBO,GUACARA,MANUEL ROMAN,AD
CARABOBO,GUACARA,WILLIAMS GIL,CUENTAS CLARAS
CARABOBO,GUACARA,ALDANA ELIAS,MPJ
CARABOBO,GUACARA,ANGEL JIMENEZ,SEGUIMOS
CARABOBO,GUACARA,LUIS MAGALLANES,UNTC
CARABOBO,GUACARA,LUIS ANDREA,VPA
CARABOBO,LIBERTADOR,ADAN ACOSTA,AD
CARABOBO,LIBERTADOR,JESÚS HERNÁNDEZ,BR
CARABOBO,LIBERTADOR,TITO DE FREITAS,MPJ
CARABOBO,LIBERTADOR,JOB MUJICA,NOE
CARABOBO,LIBERTADOR,EDUARDO PINO,PRVZL
CARABOBO,LIBERTADOR,CARMEN S. ALCALA,SEGUIMOS
CARABOBO,LIBERTADOR,ERNESTO LOPEZ,UNTC
CARABOBO,LOS GUAYOS,ROSA PARACUTO,Iniciativa Propia
CARABOBO,LOS GUAYOS,WILLIAMS JORDAN,AD
CARABOBO,LOS GUAYOS,YURISHET CASTILLO T,MPJ
CARABOBO,LOS GUAYOS,DARWYN ROSALES,PRVZL
CARABOBO,LOS GUAYOS,JUAN CARLOS RIVERO,UNTC
COJEDES,EZEQUIEL ZAMORA,JOSÉ FELIPE MACHADO,Iniciativa Propia
COJEDES,EZEQUIEL ZAMORA,EDUARDO ROJAS,ABP
COJEDES,EZEQUIEL ZAMORA,ROBERTO ANDERY,AD
COJEDES,EZEQUIEL ZAMORA,JUAN NUÑEZ,COPEI
COJEDES,EZEQUIEL ZAMORA,RAMON MONCADA,MOVEV
COJEDES,EZEQUIEL ZAMORA,LUIS HERNANDEZ,UNTC
COJEDES,EZEQUIEL ZAMORA,CESAR VILORIA,VP
COJEDES,EZEQUIEL ZAMORA,ALEXANDER MIRELES,VPA
COJEDES,ANZOÁTEGUI,LUIS LINARES,AD
COJEDES,ANZOÁTEGUI,JOSÉ C. HERRERA,VP
COJEDES,FALCÓN,FERNANDO FEO,AD
COJEDES,FALCÓN,LILIBETH SANDOVAL E.,COPEI
COJEDES,FALCÓN,YRIAN APARICIO,MIN UNIDAD
COJEDES,FALCÓN,ARISTIDES VALDEZ,MOVEV
COJEDES,FALCÓN,ALFREDO MORALES,MPJ
COJEDES,FALCÓN,JUAN CARLOS VILLEGAS,PRVZL
COJEDES,FALCÓN,RENY ABREU,UNTC
COJEDES,FALCÓN,RICHARD CASTELLANOS,VPA
COJEDES,GIRARDOT,CLARENCIO RIOS,AD
COJEDES,GIRARDOT,MISAEL CALDERON,PODEMOS
COJEDES,GIRARDOT,HOSAM JAHJAH,VPA
COJEDES,LIMA BLANCO,MORAIMA MACHADO,AD
COJEDES,LIMA BLANCO,ORDAN VELOZ,MOVEV
COJEDES,LIMA BLANCO,ALBERTO MACHADO,VPA
COJEDES,PAO DE SAN JUAN BAUTISTA,ELIO SANDOVAL,AD
COJEDES,PAO DE SAN JUAN BAUTISTA,ALBERTO ZERPA,MPJ
COJEDES,PAO DE SAN JUAN BAUTISTA,ALEXIS  ALVARADO,UNTC
COJEDES,RICAURTE,VIOLETA MONTOYA,AD
COJEDES,RICAURTE,CANUTO GALINDEZ,COPEI
COJEDES,RICAURTE,WILLIAN HERRERA,UNPARVE
COJEDES,RICAURTE,JHONNATNAN PÁEZ,VP
COJEDES,RÓMULO GALLEGOS,ANA HERNANDEZ,AD
COJEDES,RÓMULO GALLEGOS,JULIO ZERPA,MPJ
COJEDES,RÓMULO GALLEGOS,ABRAHAN MARTIN,PRVZL
COJEDES,TINACO,ANTONIO PEÑA,ML
COJEDES,TINACO,PEDRO FIGUEREDO,MPJ
COJEDES,TINACO,WILFREDO FERNANDEZ,PODEMOS
COJEDES,TINACO,ACISCLO AULAR,UNPARVE
COJEDES,TINACO,DENISE MORALES,UNTC
COJEDES,TINACO,EDUARDO  GONZALEZ,VPA
DISTRITO CAPITAL,LIBERTADOR,RICHARBLANCO,ABP
DISTRITO CAPITAL,LIBERTADOR,GUILLERMO MIGUELENA,AD
DISTRITO CAPITAL,LIBERTADOR,CARLOS MELO,COPEI
DISTRITO CAPITAL,LIBERTADOR,ISMAEL GARCIA,PODEMOS
DISTRITO CAPITAL,LIBERTADOR,ANTONIO ECARRI,PRVZL
DISTRITO CAPITAL,LIBERTADOR,STALIN GONZALEZ,UNTC
DELTA AMACURO,TUCUPITA,PEDRO  MARCANO,AD
DELTA AMACURO,TUCUPITA,OMER  FIGUEREDO,COPEI
DELTA AMACURO,TUCUPITA,BERNALDA SUAREZ SOTO,MPJ
DELTA AMACURO,TUCUPITA,JOSÉ LUIS RINCONES,UNTC
DELTA AMACURO,TUCUPITA,JUAN FIGUERA,VP
DELTA AMACURO,CASACOIMA,ABELARDO GIL,AD
DELTA AMACURO,CASACOIMA,AUBER RIOS,COPEI
DELTA AMACURO,CASACOIMA,CARLOS FLORES,PRVZL
DELTA AMACURO,CASACOIMA,HECTOR LOPEZ,SI
DELTA AMACURO,CASACOIMA,CARLOS MORENO,UNTC
FALCÓN,MIRANDA,CELSO MARTIN,Iniciativa Propia
FALCÓN,MIRANDA,ABEL OROPEZA,Iniciativa Propia
FALCÓN,MIRANDA,GUSTAVO VILLALOBOS,ABP
FALCÓN,MIRANDA,ELIECER CORDOBA,COPEI
FALCÓN,MIRANDA,VICTOR JURADO,MPJ
FALCÓN,MIRANDA,PABLO MORALES,PRVZL
FALCÓN,MIRANDA,OSMAN GARCIA,UNTC
FALCÓN,ACOSTA,FRANCIS ARIAS,AD
FALCÓN,ACOSTA,ANGEL PRINCE,COPEI
FALCÓN,ACOSTA,TULIO MENDOZA,MOVEV
FALCÓN,ACOSTA,AUGUSTO QUINTERO,MPJ
FALCÓN,BOLÍVAR,FRANCISCOBELLO,COPEI
FALCÓN,BOLÍVAR,ANGEL RIVERO,PODEMOS
FALCÓN,BUCHIVACOA,OCTAVIO MOSQUERA,COPEI
FALCÓN,BUCHIVACOA,MIGUEL ANGEL PIÑA,U.R.D.
FALCÓN,BUCHIVACOA,JOSÉ ESTEBAN DIAZ,UNTC
FALCÓN,CARIRUBANA,GUSTAVO RIVERO,MPJ
FALCÓN,CARIRUBANA,LUIS STEFANELLI,UNTC
FALCÓN,DABAJURO,JOSÉ ERNESTO ORTEGA,AD
FALCÓN,DABAJURO,MIGUEL CASTEJON,COPEI
FALCÓN,DABAJURO,ADAN CAMARGO,MPJ
FALCÓN,DEMOCRACIA,RADAMES LOPEZ,AD
FALCÓN,DEMOCRACIA,PEDRO JORDAN IBAÑEZ,UNTC
FALCÓN,FALCÓN,HILARIOBRACHO,AD
FALCÓN,FALCÓN,YONIS YRAUSQUIN,COPEI
FALCÓN,FALCÓN,JESUSBARRENO,PODEMOS
FALCÓN,FALCÓN,WILFREDO ACOSTA,UNTC
FALCÓN,FEDERACIÓN,PEDRO LUIS HENRIQUEZ,Iniciativa Propia
FALCÓN,FEDERACIÓN,EDUAHAR SCHOTBORGH,Iniciativa Propia
FALCÓN,FEDERACIÓN,ADAN MEDINA,COPEI
FALCÓN,FEDERACIÓN,ELISANOWER DEPOOL,PAP
FALCÓN,FEDERACIÓN,ELSHY SANTOS,VPA
FALCÓN,JACURA,HECTOR MUÑOZ,AD
FALCÓN,JACURA,WILFREDO RICO,COPEI
FALCÓN,JACURA,GUSTAVO HERNANDEZ G,CUENTAS CLARAS
FALCÓN,JACURA,ANGEL RODRÍGUEZ,UNTC
FALCÓN,LOS TAQUES,ALEXIS ACOSTA,AD
FALCÓN,LOS TAQUES,KERRINS MAVAREZ,COPEI
FALCÓN,MAUROA,TARCISIO MARTINEZ,AD
FALCÓN,MAUROA,OSCAR TOYO,COPEI
FALCÓN,MAUROA,ALVARO JESUS LEAL,MPJ
FALCÓN,MAUROA,RAIMUNDO LEGER,MR
FALCÓN,MAUROA,CIRO FUCCI,SI
FALCÓN,MAUROA,SOLBELLA HERNANDEZ,UNTC
FALCÓN,PALMA SOLA,CARLOS SAA,AD
FALCÓN,PALMA SOLA,TITO CASTILLO,COPEI
FALCÓN,PALMA SOLA,RAFAEL ELIAS,MPJ
FALCÓN,PETIT,PEDRO IVAN MORON,Iniciativa Propia
FALCÓN,PETIT,MARTIN JESUS HUMBRIA,COPEI
FALCÓN,PETIT,JOSÉ GREGORIO LOPEZ,MAS
FALCÓN,PETIT,LEUNAM HERNANDEZ,MPJ
FALCÓN,PETIT,ASDRUBAL GARCIA,PODEMOS
FALCÓN,PETIT,BENJAMIN MARTINEZ,SI
FALCÓN,PÍRITU,RAMON VARGAS,AD
FALCÓN,PÍRITU,YUMILVA CHIQUITO,COPEI
FALCÓN,SAN FRANCISCO,ISSA ABDALLA,AD
FALCÓN,SAN FRANCISCO,NELSON MORALES,COPEI
FALCÓN,SAN FRANCISCO,ALEXANDER ALVAREZ,MPJ
FALCÓN,SILVA,JUAN PABLO CORDERO,COPEI
FALCÓN,SILVA,UBALDO VARGAS,MPJ
FALCÓN,SILVA,ODILIA LEON,UNTC
FALCÓN,SUCRE,NOHEL JIMENEZ,AD
FALCÓN,SUCRE,DIMAS RODRÍGUEZ,BR
FALCÓN,SUCRE,RAFAEL ANGEL LEAL,UNTC
FALCÓN,TOCOPERO,CARLOS FANEITE,Iniciativa Propia
FALCÓN,TOCOPERO,MARTIN LUGO,AD
FALCÓN,TOCOPERO,CARMEN CUAURO,COPEI
FALCÓN,UNIÓN,JUAN PALENCIA,COPEI
FALCÓN,UNIÓN,GERARDO LOPEZ,UNTC
FALCÓN,URUMACO,MARIO GONZALEZ,COPEI
FALCÓN,URUMACO,ELYS CASTILLO,UNTC
FALCÓN,ZAMORA,JULIO HERNANDEZ,AD
FALCÓN,ZAMORA,ANTONIO MAGDALENO,MAS
FALCÓN,ZAMORA,XIOMARA DE MUÑOZ,MPJ
FALCÓN,ZAMORA,XIOMARA MARQUEZ,UNTC
GUÁRICO,ROSCIO,CARLOS VALDIVIESO,COPEI
GUÁRICO,ROSCIO,OSCAR MARQUEZ,MPJ
GUÁRICO,ROSCIO,ANDDERRSON TOVAR,PGN
GUÁRICO,ROSCIO,CARLOS HERNANDEZ,PODEMOS
GUÁRICO,ROSCIO,SULME AVILA,PPT
GUÁRICO,ROSCIO,DOUGLAS GONZALEZ,UNTC
GUÁRICO,CAMAGUÁN,HASSAN JARMAKANI,AD
GUÁRICO,CAMAGUÁN,ANGEL SANDOVAL,UNTC
GUÁRICO,CHAGUARAMAS,ANTONIO GARCIA,AD
GUÁRICO,CHAGUARAMAS,YOVANNY SALAZAR,COPEI
GUÁRICO,EL SOCORRO,CARMEN DE JEREZ,AD
GUÁRICO,EL SOCORRO,ROBERTO REQUENA,MAS
GUÁRICO,EL SOCORRO,JOSÉ LUIS PALACIOS P,PPT
GUÁRICO,EL SOCORRO,RAFAEL CHACIN,VPA
GUÁRICO,INFANTE,ANTONIO OCHIPINTI,Iniciativa Propia
GUÁRICO,INFANTE,RICHARD OROPEZA,Iniciativa Propia
GUÁRICO,INFANTE,TRINA LORETO,Iniciativa Propia
GUÁRICO,INFANTE,PEDRO LORETO,AD
GUÁRICO,INFANTE,PEDRO PABLO FLORES,COPEI
GUÁRICO,INFANTE,LIBIA ESQUIVEL,PODEMOS
GUÁRICO,INFANTE,PAOLO SCRIVANO,PRVZL
GUÁRICO,INFANTE,BETZAIDA FUENTES,UNTC
GUÁRICO,MELLADO,ORLANDO HERNANDEZ,AD
GUÁRICO,MELLADO,JOSÉ MARIN,MIN UNIDAD
GUÁRICO,MELLADO,FRANCISCO DIAZ,MPJ
GUÁRICO,MIRANDA,JOSÉ LUIS DEL VILLAR,Iniciativa Propia
GUÁRICO,MIRANDA,FRANCISCO DELGADO,AD
GUÁRICO,MIRANDA,OSWALDO LINARES,COPEI
GUÁRICO,MIRANDA,JOSÉ LUIS GUIRADO M,PPT
GUÁRICO,MONAGAS,SALOMON GOMEZ,AD
GUÁRICO,MONAGAS,NOHELIA GUTIERREZ,MPJ
GUÁRICO,MONAGAS,ORLANDO ZAMBRANO,PPT
GUÁRICO,MONAGAS,YVAN ZERPA QUINTANA,UNTC
GUÁRICO,ORTIZ,FRANCA SINACORI,COPEI
GUÁRICO,ORTIZ,ENRIQUE PALMA,EL
GUÁRICO,ORTIZ,CARLOS IBARRA,PPT
GUÁRICO,ORTIZ,JUAN GOUVERNEUR,UNTC
GUÁRICO,SANTA MARÍA DE IPIRE,DIOMEDESBASTIDAS,AD
GUÁRICO,SANTA MARÍA DE IPIRE,PABLO MANUITT,PPT
GUÁRICO,ZARAZA,CARLOS CASTILLO,MIN UNIDAD
GUÁRICO,ZARAZA,CELESTINO PINTO,MPJ
GUÁRICO,SAN JOSÉ DE GUARIBE,JOSÉ ANTONIO ROJAS,AD
GUÁRICO,SAN JOSÉ DE GUARIBE,YVAN HURTADO,MPJ
GUÁRICO,SAN JOSÉ DE GUARIBE,PEDRO CARPAVIRES,PPT
LARA,IRIBARREN,GUILLERMO LUNA,Iniciativa Propia
LARA,IRIBARREN,SOBELLA MEJIAS,AD
LARA,IRIBARREN,ALFREDO RAMOS,CausaR
LARA,JIMÉNEZ,LUIS REQUENA,Iniciativa Propia
LARA,JIMÉNEZ,JOSÉ JAVIER JIMENEZ,Iniciativa Propia
LARA,JIMÉNEZ,JOSÉ MARTIN,Iniciativa Propia
LARA,JIMÉNEZ,LESLIE TOVAR,ABP
LARA,JIMÉNEZ,VICTOR GONZALEZ,MOVEV
LARA,JIMÉNEZ,NELSON PINEDA,PPT
LARA,JIMÉNEZ,MIGUEL DUIN ESCALONA,UNTC
LARA,PALAVECINO,SAMUEL MEDINA,COPEI
LARA,PALAVECINO,JOSÉBARRERAS,PPT
LARA,PALAVECINO,JOSÉ ALBERTO GIL,VPA
LARA,TORRES,VILIS CRESPO,AD
LARA,TORRES,ORLANDO RODRÍGUEZ,COPEI
LARA,TORRES,AURELIO PEREIRA,MAS
LARA,TORRES,MONIR CHIRITI,PPT
LARA,TORRES,CARLOS GALLARDO,UNTC
LARA,TORRES,JESUS GUILLERMO G,VPA
MÉRIDA,LIBERTADOR,GERARDO MOLINA,AD
MÉRIDA,LIBERTADOR,RICARDO PAOLINI,COPEI
MÉRIDA,LIBERTADOR,CARLOS GARCIA,MPJ
MÉRIDA,LIBERTADOR,SIMÓN VALDEZ,MRA
MÉRIDA,LIBERTADOR,ORLANDO PUENTES,PIEDRA
MÉRIDA,LIBERTADOR,MÁXIMOBRICEÑO,PRVZL
MÉRIDA,LIBERTADOR,NÉSTOR EFRAÍN TREJO,VPA
MÉRIDA,ALBERTO ADRIANI,PEDRO VARELA,AD
MÉRIDA,ALBERTO ADRIANI,MAXIMIANO CONTRERAS,MPJ
MÉRIDA,ALBERTO ADRIANI,JUAN PEÑA,UNTC
MÉRIDA,ALBERTO ADRIANI,JOVANY MARQUEZ,VPA
MÉRIDA,ANDRÉS BELLO,HUGO ANGULO,AD
MÉRIDA,ANDRÉS BELLO,ENRRIQUE VIELMA,COPEI
MÉRIDA,ANDRÉS BELLO,JOSÉ LUIS RANGEL,UNTC
MÉRIDA, ANTONIO PINTO SALINAS,LUIS E. SAAVEDRA,COPEI
MÉRIDA, ANTONIO PINTO SALINAS,GIOVANNI ROJAS,UNTC
MÉRIDA,CAMPO ELÍAS,YLDEMARO MORALES,Iniciativa Propia
MÉRIDA,CAMPO ELÍAS,HEYLER RUIZ,AD
MÉRIDA,CAMPO ELÍAS,RAMON VERGARA,COPEI
MÉRIDA,CAMPO ELÍAS,HELVIS CONTRERAS,MOVEV
MÉRIDA,CAMPO ELÍAS,OMAR LARES,PODEMOS
MÉRIDA,CAMPO ELÍAS,ALDRYN MÁRQUEZ,UNTC
MÉRIDA,CARACCIOLO PARRA,CIRO ROJAS,AD
MÉRIDA,CARACCIOLO PARRA,JORGE PUENTES,COPEI
MÉRIDA,CARACCIOLO PARRA,ZULEY URDANETA,UNTC
MÉRIDA,GUARAQUE,ERLES MOLINA,COPEI
MÉRIDA,GUARAQUE,RAMON ALEX QUINTERO,VPA
MÉRIDA,MIRANDA,YEHNAIRA ARAUJO G,AD
MÉRIDA,MIRANDA,ALONSO SANTIAGO,MAS
MÉRIDA,PADRE NOGUERA,ALIDIO PEREZ,Iniciativa Propia
MÉRIDA,PADRE NOGUERA,LUZ MARINA ARANDA,AD
MÉRIDA,PADRE NOGUERA,JAVIER MOLINA,COPEI
MÉRIDA,PADRE NOGUERA,NAIMARCOS SANCHEZ,MPJ
MÉRIDA,PUEBLO LLANO,PULIO CESAR PAREDES,Iniciativa Propia
MÉRIDA,PUEBLO LLANO,FREDIS RONDON,UNTC
MÉRIDA,RANGEL,ALVARO SÁNCHEZ,AD
MÉRIDA,RANGEL,NELSON CUEVAS,COPEI
MÉRIDA,RIVAS DÁVILA,JULIO ROSALES,AD
MÉRIDA,RIVAS DÁVILA,JORGE ROSALES,UNTC
MÉRIDA,RIVAS DÁVILA,AMBROCIO ARGESE M.,VPA
MÉRIDA,SANTOS MARQUINA,YOVANNY NIETO M.,Iniciativa Propia
MÉRIDA,SANTOS MARQUINA,JOSÉ CALDERÓN,COPEI
MÉRIDA,SANTOS MARQUINA,RAMIRO GONZALEZ,PRVZL
MÉRIDA,SANTOS MARQUINA,JOHNNY ANDRADE,UNTC
MÉRIDA,SUCRE,ELODIA GUILLEN,AD
MÉRIDA,SUCRE,ADOLFO GUILLEN,BR
MÉRIDA,SUCRE,JORDAN ZERPA ROJAS,COPEI
MÉRIDA,SUCRE,RUBÉN RODRÍGUEZ,MPJ
MÉRIDA,SUCRE,ROBIRO RANGEL,UNTC
MÉRIDA,TULIO FEBRES CORDERO,PEDRO TORRES,AD
MÉRIDA,TULIO FEBRES CORDERO,ALEXANDER TORRELLAS,COPEI
MÉRIDA,TULIO FEBRES CORDERO,DAGOBERTO MORALES,UNTC
MÉRIDA,CARDENAL QUINTERO,IRIS RIVAS,AD
MÉRIDA,CARDENAL QUINTERO,OMAR CARDONA,MPJ
MÉRIDA,JULIO CÉSAR SALAS,FABIO GRISOLIA,AD
MÉRIDA,JULIO CÉSAR SALAS,ROBER LEAL,COPEI
MÉRIDA,JULIO CÉSAR SALAS,GREGORIO PEÑA,MPJ
MÉRIDA,JULIO CÉSAR SALAS,RAUL GIL,UNTC
MÉRIDA,JULIO CÉSAR SALAS,VALBUENA LUIS,VPA
MÉRIDA,OBISPO RAMOS DE LORA,NOYMANDIA CADENAS,AD
MÉRIDA,OBISPO RAMOS DE LORA,JOSÉ OCANDO,UNTC
MIRANDA,GUAICAIPURO,ROMMEL FLORES,Iniciativa Propia
MIRANDA,GUAICAIPURO,JOSÉ HIDALGO,COPEI
MIRANDA,GUAICAIPURO,ROBERTO ROJAS,MPJ
MIRANDA,GUAICAIPURO,JOSÉ PARRA,MR
MIRANDA,GUAICAIPURO,RÓMULO HERRERA,UNTC
MIRANDA,GUAICAIPURO,FREDDY MARTINEZ,VP
MIRANDA,ACEVEDO,JILDA MENDEZ,AD
MIRANDA,ACEVEDO,RAFAEL ORTEGA,COPEI
MIRANDA,ACEVEDO,JUAN CASTILLO,MAS
MIRANDA,ACEVEDO,GUILLERMO MARTINEZ,PODEMOS
MIRANDA,ACEVEDO,PABLO SARAVIA PEDRON,PRVZL
MIRANDA,ACEVEDO,FREDDY MARQUEZ,UNTC
MIRANDA,ACEVEDO,MARCOS UGUETO,VP
MIRANDA,ANDRÉS BELLO,JULIAN TORREALBA,AD
MIRANDA,ANDRÉS BELLO,FREDDY PADRÓN,COPEI
MIRANDA,ANDRÉS BELLO,ALFREDO  RENGIFO,MAS
MIRANDA,ANDRÉS BELLO,JULIO CESAR IBARRA,MPJ
MIRANDA,ANDRÉS BELLO,DAVID PEÑA RENGIFO,UNTC
MIRANDA,ANDRÉS BELLO,JESÚS JIMENEZ,VP
MIRANDA,BARUTA,DAVID UZCATEGUI,MPJ
MIRANDA,BARUTA,GERARDOBLYDE,UNTC
MIRANDA,BRIÓN,JORGE YURDEN,AD
MIRANDA,BRIÓN,HUMBERTO GARCIA,BR
MIRANDA,BRIÓN,DICXON  VERDU,COPEI
MIRANDA,BRIÓN,TERAN RAIMUNDO,MPJ
MIRANDA,BRIÓN,ANGEL  GONZALEZ,UNPARVE
MIRANDA,BUROZ,ELPIDIO  ECHENIQUE,ABP
MIRANDA,BUROZ,FLOR MARIA NAVAS,AD
MIRANDA,BUROZ,LUIS  CASTRO,BR
MIRANDA,BUROZ,ANA ESTRADA,COPEI
MIRANDA,BUROZ,RICHARD RODRÍGUEZ,MPJ
MIRANDA,CARRIZAL,FRANKLINBRICEÑO,ABP
MIRANDA,CARRIZAL,JAVIER GIL,AD
MIRANDA,CARRIZAL,JAIRO IDROGO,CausaR
MIRANDA,CARRIZAL,JOSÉ LUIS DÍAZ,MPJ
MIRANDA,CARRIZAL,JOSÉ LUIS RODRÍGUEZ,UNTC
MIRANDA,CARRIZAL,MANOLOBLANCO,VP
MIRANDA,CARRIZAL,ANTONIO FEREDA,VPA
MIRANDA,CHACAO,RAMÓN MUCHACHO,VP
MIRANDA,CHACAO,EMILIO GRATERÓN,VP
MIRANDA,CRISTÓBAL ROJAS,ENRI MACHO,AD
MIRANDA,CRISTÓBAL ROJAS,ANTONIO J HERNANDEZ,COPEI
MIRANDA,CRISTÓBAL ROJAS,PEDRO VEGAS,MPJ
MIRANDA,CRISTÓBAL ROJAS,JULIO ABAD,VP
MIRANDA,EL HATILLO,BERNARD FAUCHER,Iniciativa Propia
MIRANDA,EL HATILLO,MYRIAM DO NASCIMIENTO,AD
MIRANDA,EL HATILLO,FLORA ARANGUREN,COPEI
MIRANDA,EL HATILLO,MANUEL EDUARDO CELIS,CUENTAS CLARAS
MIRANDA,EL HATILLO,JOSÉ MANUEL HERNÁNDEZ,MPJ
MIRANDA,EL HATILLO,DELSA SOLORZANO,UNTC
MIRANDA,EL HATILLO,EDUARDOBATTISTINI,VP
MIRANDA,INDEPENDENCIA,LOURDES DAVALILLO,ABP
MIRANDA,INDEPENDENCIA,JORGE HERRERA,AD
MIRANDA,INDEPENDENCIA,OSWALDO ALVARADO,PODEMOS
MIRANDA,INDEPENDENCIA,WILMER SALAZAR,SI
MIRANDA,INDEPENDENCIA,MIGUEL FERRER,UNPARVE
MIRANDA,INDEPENDENCIA,ASAEL MENDEZ,UNTC
MIRANDA,LANDER,EFRAÍNBANDES,COPEI
MIRANDA,LANDER,JESUS PACHECO,MAS
MIRANDA,LANDER,IVÁNBANDES,MPJ
MIRANDA,LANDER,RAMÓN FLORES,VPA
MIRANDA,LOS SALIAS,MARCO ANTONIO NÚÑEZ,Iniciativa Propia
MIRANDA,LOS SALIAS,SALOME GOMEZ,AD
MIRANDA,LOS SALIAS,MAXI OJEDA,COPEI
MIRANDA,LOS SALIAS,FAHD AL CHOUFI,CUENTAS CLARAS
MIRANDA,LOS SALIAS,OVIDIO LOZADA,MPJ
MIRANDA,LOS SALIAS,JOSÉ FERNÁNDEZ,UNTC
MIRANDA,LOS SALIAS,TIRSO FLORES,VP
MIRANDA,PÁEZ,ROSIRIS AGUILERA,Iniciativa Propia
MIRANDA,PÁEZ,EMILIO RUIZ,AD
MIRANDA,PÁEZ,MANUEL SANTAMARIA,COPEI
MIRANDA,PÁEZ,PEDRO POLEO,MIN UNIDAD
MIRANDA,PÁEZ,LUIS MANUEL VASQUEZ,MPJ
MIRANDA,PÁEZ,RAMONBIANCHI,MR
MIRANDA,PÁEZ,ZULEIMA LOPEZ,PIEDRA
MIRANDA,PÁEZ,ARISTIDESBERMUDEZ,PPT
MIRANDA,PÁEZ,DANIEL RIVERO,VP
MIRANDA,PAZ CASTILLO,RAFAEL GALLUZZO,COPEI
MIRANDA,PAZ CASTILLO,MAXIMINO MARTINEZ,MPJ
MIRANDA,PEDRO GUAL,BAUDILIA JIMENEZ,CausaR
MIRANDA,PEDRO GUAL,ISVELIA MÉNDEZ,COPEI
MIRANDA,PEDRO GUAL,JOSÉ MARAPACUTO,MPJ
MIRANDA,PEDRO GUAL,JOSÉ APOLINAR,PODEMOS
MIRANDA,PEDRO GUAL,LENIS LANDAETA,OPINA
MIRANDA,PEDRO GUAL,TOMASBARRIOS,VP
MIRANDA,PLAZA,ALVARO HERNANDEZ,ABP
MIRANDA,PLAZA,ANGEL LEON,BR
MIRANDA,PLAZA,LIVIA  DE CARDOZO,COPEI
MIRANDA,PLAZA,CEBALLOS ORLANDO,MPJ
MIRANDA,PLAZA,HENRY  ARTEAGA,VP
MIRANDA,SIMÓN BOLÍVAR,HÉCTOR HERNÁNDEZ,AD
MIRANDA,SIMÓN BOLÍVAR,EFREN RODRÍGUEZ,COPEI
MIRANDA,SIMÓN BOLÍVAR,QUIARO JOSÉ ENRIQUE,MPJ
MIRANDA,SIMÓN BOLÍVAR,MARVIN RONDÓN C,UNTC
MIRANDA,SUCRE,JUAN CARLOS CALDERA,MPJ
MIRANDA,SUCRE,WILLIAM OJEDA,UNTC
MIRANDA,SUCRE,FREDDY GUEVARA,VP
MIRANDA,URDANETA,JESÚS MARÍA RANGELB,ABP
MIRANDA,URDANETA,ALEXANDER  SUCRE,AD
MIRANDA,URDANETA,JOSÉ LUIS VERA,GE
MIRANDA,URDANETA,ROGER DELGADO,MPJ
MIRANDA,URDANETA,LUIS ENRIQUE MARTINEZ,PRVZL
MIRANDA,URDANETA,ARTURO CRESPO,VP
MIRANDA,ZAMORA,STOIAN  PALACIOS,AD
MIRANDA,ZAMORA,JOSÉ MONTERO,AD
MIRANDA,ZAMORA,CARLOS CORREA,COPEI
MIRANDA,ZAMORA,JOSÉ G JARAMILLO,MIN UNIDAD
MIRANDA,ZAMORA,JUAN JOSÉ STABILITO,ML
MIRANDA,ZAMORA,DAVID GARCIA,MPJ
MONAGAS,MATURÍN,JEAN PIERRE EL KAREH,Iniciativa Propia
MONAGAS,MATURÍN,LUIS ORTIZ,Iniciativa Propia
MONAGAS,MATURÍN,HECTOR MAITA,Iniciativa Propia
MONAGAS,MATURÍN,ARTURO JOSÉ MARCANO,Iniciativa Propia
MONAGAS,MATURÍN,ALFREDO MARCANO,Iniciativa Propia
MONAGAS,MATURÍN,MANUEL MOTA,Iniciativa Propia
MONAGAS,MATURÍN,WARNER JIMENEZ,Iniciativa Propia
MONAGAS,MATURÍN,SANDRA ALFARO,AD
MONAGAS,MATURÍN,MIGUEL VELIZ,MPJ
MONAGAS,MATURÍN,JOSÉ TENIAS,PRVZL
MONAGAS,BOLÍVAR,ERASMO RODRÍGUEZ,Iniciativa Propia
MONAGAS,BOLÍVAR,MOISÉS GUERRA,Iniciativa Propia
MONAGAS,BOLÍVAR,MAHMOUD ABOURAHAL,Iniciativa Propia
MONAGAS,BOLÍVAR,VICTOR FERNANDEZ,Iniciativa Propia
MONAGAS,BOLÍVAR,JOAQUIN JOSÉ DIAZ,Iniciativa Propia
MONAGAS,BOLÍVAR,ANIBAL SEVILLA,Iniciativa Propia
MONAGAS,BOLÍVAR,JESUS MARTINEZ,Iniciativa Propia
MONAGAS,BOLÍVAR,VICTOR AGUILERA L,Iniciativa Propia
MONAGAS,CARIPE,WUILFRIDO GARCIA,Iniciativa Propia
MONAGAS,CARIPE,ANTONIO JOSÉ CHACON,AD
MONAGAS,LIBERTADOR,ARQUIMEDES MARQUEZ,Iniciativa Propia
MONAGAS,LIBERTADOR,LUIS MARCANO,COPEI
MONAGAS,LIBERTADOR,DARWIN ZAMBRANO,MPJ
MONAGAS,LIBERTADOR,JOSÉ LUGO,PPT
MONAGAS,LIBERTADOR,JOSÉ ROBERTO ZERPA,PRVZL
MONAGAS,LIBERTADOR,ORLEAN LEBRAZIDEC,VP
MONAGAS,PIAR,LUZCELA RODRÍGUEZ,Iniciativa Propia
MONAGAS,PIAR,ANGEL RAMON GONZALEZ,Iniciativa Propia
MONAGAS,PIAR,JESUS CABELLO,Iniciativa Propia
MONAGAS,PIAR,CARLOS GORDON,Iniciativa Propia
MONAGAS,PIAR,GILBERTO ORTIZ,Iniciativa Propia
MONAGAS,PIAR,YANELIS RODRÍGUEZ,Iniciativa Propia
MONAGAS,SANTA BÁRBARA,HILDEMARO MUÑOZ,Iniciativa Propia
MONAGAS,SANTA BÁRBARA,LUIS SIMÓN LIRA A,Iniciativa Propia
MONAGAS,SANTA BÁRBARA,JOSÉ G. GONZALEZ,Iniciativa Propia
MONAGAS,SOTILLO,ARGENIS SIERRA,Iniciativa Propia
MONAGAS,SOTILLO,SANTOS GONZALEZ,Iniciativa Propia
MONAGAS,SOTILLO,JOSÉ MARTINEZ,COPEI
MONAGAS,SOTILLO,ZAIT MARCHAN,VP
N. ESPARTA,GÓMEZ,ROCKFORD GOMEZ,Iniciativa Propia
N. ESPARTA,GÓMEZ,OTILIO ALFONZO,Iniciativa Propia
N. ESPARTA,GÓMEZ,ANGEL CAMINO,AD
N. ESPARTA,GÓMEZ,TOMAS RODRÍGUEZ,COPEI
N. ESPARTA,GÓMEZ,RAFAEL VELASQUEZ,MIN UNIDAD
N. ESPARTA,GÓMEZ,E. SANCHEZ CARMONA,MPJ
N. ESPARTA,GÓMEZ,ARGENIS CARMONA,PODEMOS
N. ESPARTA,PENÍNSULA DE MACANAO,LEOPOLDO VASQUEZ,Iniciativa Propia
N. ESPARTA,PENÍNSULA DE MACANAO,ENRIQUE SALAZAR,AD
N. ESPARTA,PENÍNSULA DE MACANAO,MARCO MARCANO,COPEI
N. ESPARTA,PENÍNSULA DE MACANAO,JUAN CHIRINOS,MIN UNIDAD
N. ESPARTA,PENÍNSULA DE MACANAO,MAGALVI JOSÉ ESTABA,MR
N. ESPARTA,PENÍNSULA DE MACANAO,DIOMEDES GÓMEZ,PRVZL
PORTUGUESA,GUANARE,PEDRO PEREZ,COPEI
PORTUGUESA,GUANARE,MIGUEL VARGAS,PPT
PORTUGUESA,GUANARE,FRANCISCO MORA,PRVZL
PORTUGUESA,GUANARE,ELYS RIVAS,VPA
PORTUGUESA,ARAURE,ROBERT LUCENA,Iniciativa Propia
PORTUGUESA,ARAURE,RUBEN TROCONIS,ABP
PORTUGUESA,ARAURE,JORGE LUIS ROJAS,AD
PORTUGUESA,ARAURE,GUALBERTO MORA,CausaR
PORTUGUESA,ARAURE,AUBER INFANTE,MIN UNIDAD
PORTUGUESA,ARAURE,LORENZO PIÑA,MPJ
PORTUGUESA,ARAURE,GIOVANNY GIMENEZ M,UNTC
PORTUGUESA,ARAURE,VICTOR HUGO GONZALEZ,VPA
PORTUGUESA,ESTELLER,ORACIO GONZALEZ,AD
PORTUGUESA,ESTELLER,OMAR ZABALA,COPEI
PORTUGUESA,ESTELLER,HENRY JOSÉ CAMACHO,MAS
PORTUGUESA,ESTELLER,RAFAELBRICEÑO,UNTC
PORTUGUESA,GUANARITO,SOLI DAZA,AD
PORTUGUESA,GUANARITO,LUIS DURAN,COPEI
PORTUGUESA,GUANARITO,VALMOREBETANCOURT,MPJ
PORTUGUESA,GUANARITO,ELIZABETH HILBL,VPA
PORTUGUESA,JOSÉ VICENTE DE UNDA,HITALO FUENTES,ABP
PORTUGUESA,JOSÉ VICENTE DE UNDA,EDUARDOBARRIOS,AD
PORTUGUESA,OSPINO,NELSON MARIN,ABP
PORTUGUESA,OSPINO,LUIS ARGUELLES,AD
PORTUGUESA,OSPINO,MADELEYNE ZAMORA,COPEI
PORTUGUESA,OSPINO,LORENZO JIMENEZ,MPJ
PORTUGUESA,OSPINO,RAFAEL ARIAS,UNTC
PORTUGUESA,PÁEZ,RICARDO TORRELLES,ABP
PORTUGUESA,PÁEZ,ELIASBITTAR,AD
PORTUGUESA,PÁEZ,HECTOR DANIEL LAMEDA,COPEI
PORTUGUESA,PÁEZ,PEDRO CARDENAS,MIN UNIDAD
PORTUGUESA,PÁEZ,LUIS SIRA,MPJ
PORTUGUESA,PÁEZ,LOURDES DE ARIEMMA,PRVZL
PORTUGUESA,PÁEZ,HECTOR GARCIA,VPA
PORTUGUESA,PAPELÓN,CARLOS ORAA,COPEI
PORTUGUESA,PAPELÓN,FELIX FERRER,UNTC
PORTUGUESA,SANTA ROSALÍA,MARCOSBARRIENTOS,AD
PORTUGUESA,SANTA ROSALÍA,BELKIS GUTIERREZ,COPEI
PORTUGUESA,SUCRE,FRANCISCO COLINA,AD
PORTUGUESA,SUCRE,NELSON ALGOMEDA,MPJ
PORTUGUESA,SUCRE,JOBITO VILLEGAS,VPA
PORTUGUESA,TURÉN,LUIS ROMERO,AD
PORTUGUESA,TURÉN,EDISON PEREZ,COPEI
PORTUGUESA,TURÉN,CRISTINA PENSA,PRVZL
PORTUGUESA,GENARO BOCONOÍTO,JOHAM QUIÑONES,PODEMOS
PORTUGUESA,GENARO BOCONOÍTO,ERICK AMUNDARAY,UNTC
PORTUGUESA,SAN RAFAEL DE ONOTO,ADALBERTO ROJAS,AD
PORTUGUESA,SAN RAFAEL DE ONOTO,EDGAR MIRANDA,COPEI
PORTUGUESA,SAN RAFAEL DE ONOTO,JOSÉ COLMENAREZ,MPJ
PORTUGUESA,SAN RAFAEL DE ONOTO,GONZALO  CARRASCO,UNTC
SUCRE,SUCRE,LILIENA VARGAS,Iniciativa Propia
SUCRE,SUCRE,SAEL ASTUDILLO,Iniciativa Propia
SUCRE,SUCRE,RUBEN DIAZ,Iniciativa Propia
SUCRE,SUCRE,ASDRUBAL MAESTRE,Iniciativa Propia
SUCRE,SUCRE,ROBERT ALCALÁ,AD
SUCRE,SUCRE,LUIS MARTÍNEZ,ML
SUCRE,SUCRE,HERMES GARCIA,PODEMOS
SUCRE,SUCRE,JESÚS YEGÜEZ,SI
SUCRE,SUCRE,J GREGORIO NORIEGA,VPA
SUCRE,ANDRÉS ELOY BLANCO,ENRIQUE HERRERA M.,Iniciativa Propia
SUCRE,ANDRÉS ELOY BLANCO,OLGA DE CARABALLO,Iniciativa Propia
SUCRE,ANDRÉS ELOY BLANCO,CATALINO GONZALEZ,ABP
SUCRE,ANDRÉS ELOY BLANCO,RICHARD RAMIREZ,AD
SUCRE,ANDRÉS ELOY BLANCO,EUDOMAR TINEO,MOVEV
SUCRE,ANDRÉS ELOY BLANCO,F JAVIERBELLORIN,PODEMOS
SUCRE,ANDRÉS MATA,CARLOS MENESES,CausaR
SUCRE,ANDRÉS MATA,JAIRO CARABALLO,PPT
SUCRE,ANDRÉS MATA,TERESA DE YAÑEZ,U.R.D.
SUCRE,ANDRÉS MATA,JOSÉ JIMÉNEZ,UNTC
SUCRE,ANDRÉS MATA,NESTOR TOUSSAINTT,VPA
SUCRE,BENITEZ,LUIS GUEVARA,AD
SUCRE,BENITEZ,ARMANDO GUZMÁN,ASIS
SUCRE,BENITEZ,LEVIT SALAS,PODEMOS
SUCRE,BENITEZ,LUIS ALIENDRES,UNTC
SUCRE,BERMUDEZ,EDGAR GARCÍA PEÑA,Iniciativa Propia
SUCRE,BERMUDEZ,JOSÉ GONZÁLEZ UGAS,ABP
SUCRE,BERMUDEZ,JOSÉ RAMÓN REGNAULT,PODEMOS
SUCRE,BERMUDEZ,MARIO FERRIGNO,UNTC
SUCRE,BOLÍVAR,RAFAEL NAVARRO,AD
SUCRE,BOLÍVAR,HÉCTOR GARCÍA,PODEMOS
SUCRE,BOLÍVAR,LUIS DANIEL CABEZA,VPA
SUCRE,CAJIGAL,MIRIAN MORENO,Iniciativa Propia
SUCRE,CAJIGAL,ESLY TORRES,ASIS
SUCRE,CAJIGAL,JOSÉ LUIS SUBERO,PODEMOS
SUCRE,CRUZ SALMERÓN ACOSTA,LUIS RAMÓN NORIEGA,AD
SUCRE,CRUZ SALMERÓN ACOSTA,LUIS A. MARTÍNEZ,COPEI
SUCRE,CRUZ SALMERÓN ACOSTA,PABLO ERNESTO ROSAS,MAS
SUCRE,LIBERTADOR,ALFREDO CARABALLO,AD
SUCRE,LIBERTADOR,LILIAN GUILARTE,ASIS
SUCRE,MARIÑO,JOSÉ NORIEGA,Iniciativa Propia
SUCRE,MARIÑO,ANTONIO VILLEGAS,Iniciativa Propia
SUCRE,MARIÑO,RAFAEL SANTAMARÍA,AD
SUCRE,MARIÑO,JESÚSBARCELÓ,PODEMOS
SUCRE,MEJÍA,MARIA NELYS PATIÑO,ABP
SUCRE,MEJÍA,ARMANDO RODRÍGUEZ,COPEI
SUCRE,MEJÍA,MANUEL MORENO,PODEMOS
SUCRE,MEJÍA,RÓMULO MARCANO,VPA
SUCRE,MONTES,JOSÉ LUIS ABREUB.,Iniciativa Propia
SUCRE,MONTES,JULIO SANCHEZ,Iniciativa Propia
SUCRE,MONTES,FERNANDO HEDUEN,ABP
SUCRE,MONTES,CARMEN VILLAFRANCA,AD
SUCRE,MONTES,JOSÉ JREIGE,ASIS
SUCRE,MONTES,JESÚS AMARO,COPEI
SUCRE,MONTES,JUAN CARLOS YEGRES,UNTC
SUCRE,MONTES,FRANCISCO MARTELL,VPA
SUCRE,RIBERO,FRANCISCO VALDIVIEZO,AD
SUCRE,RIBERO,CARLOSBELLO,PODEMOS
SUCRE,RIBERO,LUCAS ZAPATA,UNTC
SUCRE,RIBERO,CRUZ GUZMÁN,VPA
SUCRE,VALDEZ,PEDRO JOSÉ RODRÍGUEZ,Iniciativa Propia
SUCRE,VALDEZ,HERNAN TOVAR,AD
SUCRE,VALDEZ,ANGEL GUILARTE,BR
SUCRE,VALDEZ,YENY TORTOLERO,PODEMOS
SUCRE,VALDEZ,JOSÉ LUIS MEDINA,UNTC
TACHIRA,SAN CRISTÓBAL,MIGUEL REYES,AD
TACHIRA,SAN CRISTÓBAL,ÁNGEL PERNIA,COPEI
TACHIRA,SAN CRISTÓBAL,MONICA GARCIA,MPJ
TACHIRA,SAN CRISTÓBAL,DANIEL CEBALLOS,VP
TACHIRA,ANDRÉS BELLO,CARLO JULIO LOPEZ,Iniciativa Propia
TACHIRA,ANDRÉS BELLO,FRANKLIN ALVIAREZ,AD
TACHIRA,ANDRÉS BELLO,VALMORE VELASCO,BR
TACHIRA,ANDRÉS BELLO,VICENTE COLMENARES,COPEI
TACHIRA,ANDRÉS BELLO,ALBERTO PÉREZ,PRVZL
TACHIRA,ANDRÉS BELLO,HUMBERTO CONTRERAS,UNTC
TACHIRA,ANTONIO RÓMULO COSTA,LAURA ESCALANTE,COPEI
TACHIRA,ANTONIO RÓMULO COSTA,WILSON GENRY ARCHILA,MPJ
TACHIRA,ANTONIO RÓMULO COSTA,NELSON RONDON,UNTC
TACHIRA,BOLÍVAR,RAMON VIVAS,Iniciativa Propia
TACHIRA,BOLÍVAR,DANNY ELEANOR ROJAS,Iniciativa Propia
TACHIRA,BOLÍVAR,JUAN CAMPERO,AD
TACHIRA,BOLÍVAR,WILLIAM SALINAS,MAS
TACHIRA,BOLÍVAR,SIMÓN VARGAS,UNTC
TACHIRA,CÁRDENAS,JESUS DAVID PEREZ,Iniciativa Propia
TACHIRA,CÁRDENAS,ANGERSO CARRERO,ABP
TACHIRA,CÁRDENAS,EDGAR RAMIREZ,AD
TACHIRA,CÁRDENAS,JORGE MORA,MR
TACHIRA,CÁRDENAS,TULIO RODRÍGUEZ,PRVZL
TACHIRA,CÁRDENAS,PABLO COLMENARES,SI
TACHIRA,CÁRDENAS,RICARDO HERNANDEZ,UNPARVE
TACHIRA,CÁRDENAS,GERARDO CHACON,UNTC
TACHIRA,FERNÁNDEZ FEO,GREGORIO RAMIREZ,AD
TACHIRA,FERNÁNDEZ FEO,JAIME DUARTE RAMÍREZ,MPJ
TACHIRA,FERNÁNDEZ FEO,WILLANS MORALES,MR
TACHIRA,FERNÁNDEZ FEO,RENZO JAIMES,SI
TACHIRA,FERNÁNDEZ FEO,JUAN GONCALVEZ,UNPARVE
TACHIRA,FERNÁNDEZ FEO,JEANFRANCO CASADIEGO,UNTC
TACHIRA,GARCÍA DE HEVIA,JOSÉ HIVAN ROA,Iniciativa Propia
TACHIRA,GARCÍA DE HEVIA,ROMEL JESUS VARGAS,AD
TACHIRA,GARCÍA DE HEVIA,ANDRY RIVAS,COPEI
TACHIRA,GARCÍA DE HEVIA,HUMBERTO NIÑO,PODEMOS
TACHIRA,GARCÍA DE HEVIA,ALCIRES RODRÍGUEZ,UNTC
TACHIRA,GUÁSIMOS,HERNAN DELGADO,ABP
TACHIRA,GUÁSIMOS,ALEJANDRO CAÑA,AD
TACHIRA,GUÁSIMOS,BERNARD ZAMBRANO,MPJ
TACHIRA,GUÁSIMOS,ULIPERES CHACÓN Z,UNTC
TACHIRA,GUÁSIMOS,WILLIAM JOSÉ GALAVIS,VP
TACHIRA,INDEPENDENCIA,ALEXANDER ARCILA,Iniciativa Propia
TACHIRA,INDEPENDENCIA,ONESIMO DUARTE,Iniciativa Propia
TACHIRA,INDEPENDENCIA,HAYDEE USECHE,AD
TACHIRA,INDEPENDENCIA,ANAIDA DE ROA,COPEI
TACHIRA,JÁUREGUI,EDGAR SANCHEZ,Iniciativa Propia
TACHIRA,JÁUREGUI,ALBERTO LUBO SANCHEZ,Iniciativa Propia
TACHIRA,JÁUREGUI,HUGO QUIROZ,AD
TACHIRA,JÁUREGUI,ALEXIS DIAZ,COPEI
TACHIRA,JÁUREGUI,VICTOR SANCHEZ,MPJ
TACHIRA,JÁUREGUI,ALIRIO GUERRERO,PRVZL
TACHIRA,JÁUREGUI,ORLANDO CONTRERAS,UNTC
TACHIRA,JOSÉ MARÍA VARGAS,VICTOR GOMEZ,AD
TACHIRA,JOSÉ MARÍA VARGAS,JUAN CARLOS DUQUE,COPEI
TACHIRA,JUNÍN,JUAN PEÑALOZA,AD
TACHIRA,JUNÍN,YOBEL SANDOVAL,COPEI
TACHIRA,JUNÍN,CESAR OMAR MENDOZA,PPT
TACHIRA,JUNÍN,JESUS AMUNDARAY,UNTC
TACHIRA,LIBERTAD,GUSTAVO MONCADA,Iniciativa Propia
TACHIRA,LIBERTAD,GINET PARADA,AD
TACHIRA,LIBERTAD,ERASMO GOMEZ,COPEI
TACHIRA,LIBERTAD,FREDDY CUADROS,MPJ
TACHIRA,LIBERTAD,JORGE SAYAGO,PRVZL
TACHIRA,LIBERTADOR,EZEQUIEL PEREZ,AD
TACHIRA,LIBERTADOR,CARLOS URBINA,MPJ
TACHIRA,LIBERTADOR,ANASTACIO MARQUEZ,UNTC
TACHIRA,LOBATERA,ISRAEL NIÑO,AD
TACHIRA,LOBATERA,PABLO CHACON,COPEI
TACHIRA,RAFAEL URDANETA,ARCENIOBLANCO,AD
TACHIRA,RAFAEL URDANETA,ANA LIZCANO,COPEI
TACHIRA,RAFAEL URDANETA,BLANCA JAIMES,MPJ
TACHIRA,RAFAEL URDANETA,CARLOS ACEVEDO,UNTC
TACHIRA,SAMUEL MALDONADO,ALEJANDRO PRADA,Iniciativa Propia
TACHIRA,SAMUEL MALDONADO,FRANCISCO MARQUEZ,COPEI
TACHIRA,SAN JUDAS TADEO,CLARET GANDICA,COPEI
TACHIRA,SAN JUDAS TADEO,JUAN DE DIOS GUERRERO,MPJ
TACHIRA,SEBORUCO,JAVIER ARAQUE,AD
TACHIRA,SEBORUCO,NERO MARQUEZ,COPEI
TACHIRA,SEBORUCO,RAMON ELY PERNIA,PRVZL
TACHIRA,SUCRE,JUAN CARLOS MONCADA,COPEI
TACHIRA,SUCRE,YOSMER CEBALLOS,MPJ
TACHIRA,TORBES,GERARDO OSTOS,ABP
TACHIRA,TORBES,PEDRO VIVAS,AD
TACHIRA,TORBES,JULIO PABON,COPEI
TACHIRA,TORBES,FRANKLIN CHACON,MPJ
TACHIRA,TORBES,ALBERTO MALDONADO,VP
TACHIRA,URIBANTE,EDILIO ROA VALERO,Iniciativa Propia
TACHIRA,URIBANTE,LUIS ALETA,AD
TACHIRA,URIBANTE,FREDELINDO PERNIA,COPEI
TACHIRA,URIBANTE,OSWALDO MORENO,UNTC
TACHIRA,PEDRO MARÍA UREÑA,JULIO ROJAS,AD
TACHIRA,PEDRO MARÍA UREÑA,ALEJANDRO GARCÍA,CausaR
TACHIRA,PEDRO MARÍA UREÑA,JESÚS GUTIERREZ,COPEI
TACHIRA,PEDRO MARÍA UREÑA,URLEY JAIMES,PIEDRA
TACHIRA,PEDRO MARÍA UREÑA,GUSTAVO RANGEL,PODEMOS
TACHIRA,PEDRO MARÍA UREÑA,LUIS CRUZ,UNTC
TRUJILLO,TRUJILLO,LUISBRICEÑO,AD
TRUJILLO,TRUJILLO,ROGER CARRIZO,OPINA
TRUJILLO,TRUJILLO,TEO LARA,UNTC
TRUJILLO,TRUJILLO,IVAN RAGA GUBINELLI,VPA
TRUJILLO,BOCONÓ,VILMA RUIZ,COPEI
TRUJILLO,BOCONÓ,JUAN LUIS MARQUEZ,UNTC
TRUJILLO,CANDELARIA,CARLOS PEÑA,AD
TRUJILLO,CANDELARIA,JOSÉ OCHOA,UNTC
TRUJILLO,CARACHE,REINALDO CAÑIZALES,MPJ
TRUJILLO,CARACHE,ANA SOCORRO DELGADO,UNTC
TRUJILLO,MIRANDA,ACISCLO VILORIA,ABP
TRUJILLO,MIRANDA,MARCOS CORONADO,AD
TRUJILLO,MIRANDA,ROGER OCANTO,UNTC
TRUJILLO,MONTE CARMELO,GREGORIO RAMIREZ,AD
TRUJILLO,MONTE CARMELO,NELSON ABREU,UNTC
TRUJILLO,MOTATÁN,DOUGLAS ABREU,AD
TRUJILLO,MOTATÁN,ALEXISBLANCO,BR
TRUJILLO,MOTATÁN,GRACIELA  GONZALEZ,DSM
TRUJILLO,PAMPÁN,HERNAN CASTELLANOS,COPEI
TRUJILLO,PAMPÁN,ALCIDES VASQUEZ,MPJ
TRUJILLO,PAMPANITO,AMABILE VALERO,AD
TRUJILLO,PAMPANITO,REGULO VILORIA,MPJ
TRUJILLO,PAMPANITO,JORGE DURAN,UNTC
TRUJILLO,PAMPANITO,DANIEL CARRILLO,VPA
TRUJILLO,RAFAEL RANGEL,LUIS ROJAS,AD
TRUJILLO,RAFAEL RANGEL,GREGORIO HERNANDEZ,MPJ
TRUJILLO,RAFAEL RANGEL,YORBIN GARCIA,UNTC
TRUJILLO,RAFAEL RANGEL,JOSÉ GUERRERO,VPA
TRUJILLO,SUCRE,JOSÉ SERRANO,AD
TRUJILLO,SUCRE,GIOVANI DELGADO,MPJ
TRUJILLO,SUCRE,JOSÉ MESSINA,UNTC
TRUJILLO,URDANETA,JESUS QUINTERO,AD
TRUJILLO,URDANETA,EMMANUEL ESCALONA,COPEI
VARGAS,VARGAS,JOSÉBARRETO,AD
VARGAS,VARGAS,ALBERTO KAHWATY,COPEI
VARGAS,VARGAS,LUIS LOPEZ,PODEMOS
VARGAS,VARGAS,FABIOLA COLMENAREZ,VP
YARACUY,SAN FELIPE,YARISOL FIGUEIRA,AD
YARACUY,SAN FELIPE,JOSÉ DE LA CRUZ,CONVERGENCIA
YARACUY,SAN FELIPE,MIGUEL PONENTE,MPJ
YARACUY,SAN FELIPE,SERGIO MELENDEZ,VP
YARACUY,ARÍSTIDES BASTIDIDAS,MARISOL AZO,AD
YARACUY,ARÍSTIDES BASTIDIDAS,MIGUEL KALIFE,CONVERGENCIA
YARACUY,ARÍSTIDES BASTIDIDAS,PEDRO LOPEZ,MPJ
YARACUY,BOLÍVAR,ELIDO MENDOZA,AD
YARACUY,BOLÍVAR,OSWALDO LOPEZ,CONVERGENCIA
YARACUY,BOLÍVAR,BERNAIND CASTELLANO,MPJ
YARACUY,BOLÍVAR,OLGA LIDIA GOMEZ M.,VP
YARACUY,BRUZUAL,FREDDY PIRELA,ABP
YARACUY,BRUZUAL,ELOISA HERNANDEZ,AD
YARACUY,BRUZUAL,AMER DEVIEZ,CONVERGENCIA
YARACUY,BRUZUAL,ALFONSO ANDARA,COPEI
YARACUY,BRUZUAL,JOSÉ  FRANCO,UNTC
YARACUY,COCOROTE,ANGEL RUIZ,AD
YARACUY,COCOROTE,DANIEL CARIÑO,CONVERGENCIA
YARACUY,COCOROTE,EDWARD CAPDEVIELLE,MPJ
YARACUY,COCOROTE,GABRIEL GALLO,VP
YARACUY,INDEPENDENCIA,LINDA RAMIREZ,AD
YARACUY,INDEPENDENCIA,RAFAEL PARRABARRIOS,CONVERGENCIA
YARACUY,INDEPENDENCIA,LUIS PARRA,MPJ
YARACUY,INDEPENDENCIA,LENYN RODRÍGUEZ,PPT
YARACUY,INDEPENDENCIA,FRANCISCO FERRER,UNTC
YARACUY,LA TRINIDAD,JOSÉ TOVAR,ABP
YARACUY,LA TRINIDAD,CESAR PEREZ MARTINEZ,CONVERGENCIA
YARACUY,LA TRINIDAD,CARLOS AGOSTINI,MPJ
YARACUY,LA TRINIDAD,ENDERBOTELLO,UNTC
YARACUY,MANUEL MONGE,PABLO CONTRERAS,AD
YARACUY,MANUEL MONGE,ANA SERVET,CONVERGENCIA
YARACUY,MANUEL MONGE,PEDRO CABRERA,MPJ
YARACUY,MANUEL MONGE,JOSÉ CARUCI R.,UNTC
YARACUY,NIRGUA,ANA D' ANTONIO,CUENTAS CLARAS
YARACUY,NIRGUA,NORA MELENDEZ,PPT
YARACUY,NIRGUA,RICARDO MENDOZA,UNTC
YARACUY,PEÑA,OSWALDO LEAL,ABP
YARACUY,PEÑA,ARMANDOBARRETO,BR
YARACUY,PEÑA,FILIPPO LAPI,ELECT.DEBÓLIVAR
YARACUY,PEÑA,JUDITH YEPEZ,MPJ
YARACUY,PEÑA,YELITZA GONZALEZ,SI
YARACUY,SUCRE,MARIA ISABEL HERRERA,CONVERGENCIA
YARACUY,SUCRE,LEONARDO HERNANDEZ,MPJ
YARACUY,URACHICHE,DANIEL MONTOYA,CONVERGENCIA
YARACUY,URACHICHE,EMERSON VELASQUEZ,COPEI
YARACUY,URACHICHE,AMILCAR MENDOZA,MPJ
YARACUY,VEROES,RICARDO SANCHEZ,AD
YARACUY,VEROES,ALI SEQUERA,CausaR
YARACUY,VEROES,LEOSMARY ESPINOZA,COPEI
YARACUY,VEROES,TARCISIO GARCIA,VP
YARACUY,JOSÉ ANTONIO PÁEZ,CARLOS ASUAJE,AD
YARACUY,JOSÉ ANTONIO PÁEZ,NARCISO GOMEZ,CONVERGENCIA
YARACUY,JOSÉ ANTONIO PÁEZ,CARLOS TORRES,MPJ
ZULIA,ALMIRANTE P,DOGER MOLERO,COPEI
ZULIA,ALMIRANTE P,JHOVANY HERNANDEZ,OPINA
ZULIA,ALMIRANTE P,CARLOS HERNANDEZ,UNTC
ZULIA,BARALT,LEWIS COLINA,AD
ZULIA,BARALT,ANGEL CARIDAD,UNTC
ZULIA,COLÓN,ABELARDOBRACHO,AD
ZULIA,COLÓN,LEUDIS MONTIEL,MPJ
ZULIA,COLÓN,FREDDY PAZ,UNTC
ZULIA,COLÓN,JESUS  GUTIERREZ,VPA
ZULIA,FRANCISCO JAVIER PULGAR,DANIEL MUÑOZ,AD
ZULIA,FRANCISCO JAVIER PULGAR,FREDDY GOMEZ,UNTC
ZULIA,JESÚS MARÍA SEMPRÚN,FREDDY ROSALES,Iniciativa Propia
ZULIA,JESÚS MARÍA SEMPRÚN,TEOFILO DURÁN,Iniciativa Propia
ZULIA,JESÚS MARÍA SEMPRÚN,FRANCISCO GUIZZETTI,Iniciativa Propia
ZULIA,JESÚS MARÍA SEMPRÚN,ENDER SALAZAR,AD
ZULIA,JESÚS MARÍA SEMPRÚN,RODMAR  URDANETA,MPJ
ZULIA,JESÚS MARÍA SEMPRÚN,RICARDO NAVA,MR
ZULIA,MACHIQUES DE PERIJÁ,ALFONSO MÁRQUEZ,AD
ZULIA,MACHIQUES DE PERIJÁ,CLAUDIO PIZUORNO,UNTC
ZULIA,MACHIQUES DE PERIJÁ,ALBERTO CHACÍN,VPA
ZULIA,MARA,SALVADOR SPINELLO,AD
ZULIA,MARA,LEOVALDO VILLALOBOS,COPEI
ZULIA,MIRANDA,WILFRIDO VALLES,AD
ZULIA,MIRANDA,EDINSON NAVA,BR
ZULIA,MIRANDA,FRANCISCO FARÍA,MIN UNIDAD
ZULIA,MIRANDA,JOSÉ DOMINGO RAMIREZ,VP
ZULIA,GUAJIRA,JOSUÉ ACOSTA,Iniciativa Propia
ZULIA,GUAJIRA,FRANCISCO REINOSO,AD
ZULIA,GUAJIRA,ARCENIO J. RIOS G.,COPEI
ZULIA,GUAJIRA,AMILCAR JIMENEZ,MPJ
ZULIA,GUAJIRA,MANUEL CORREA,OPINA
ZULIA,GUAJIRA,XIOMARA MARTINEZ,UNTC
ZULIA,ROSARIO DE PERIJA,ELIO RONDÓN,Iniciativa Propia
ZULIA,ROSARIO DE PERIJA,ELY RAMON ATENCIO,AD
ZULIA,ROSARIO DE PERIJA,JOSÉ RENÉ SANDOVAL,MPJ
ZULIA,ROSARIO DE PERIJA,LUIS ANIBAL ROMERO,VPA
ZULIA,VALMORE RODRÍGUEZ,ENDER JOSÉ PINO,AD
ZULIA,VALMORE RODRÍGUEZ,LIGIA GIL,UNTC
